Feature,Importance
HbA1c_level,0.40527503644673224
blood_glucose_level,0.24812742824316333
age,0.1928384407243335
bmi,0.11196385707352126
smoking_history,0.028652764827615366
gender,0.007807982018530242
hypertension,0.0031765626084909724
heart_disease,0.0021579280576131143
